--
-- PostgreSQL database dump
--

-- Dumped from database version 12.9 (Ubuntu 12.9-2.pgdg20.04+1)
-- Dumped by pg_dump version 12.9 (Ubuntu 12.9-2.pgdg20.04+1)

SET statement_timeout = 0;
SET lock_timeout = 0;
SET idle_in_transaction_session_timeout = 0;
SET client_encoding = 'UTF8';
SET standard_conforming_strings = on;
SELECT pg_catalog.set_config('search_path', '', false);
SET check_function_bodies = false;
SET xmloption = content;
SET client_min_messages = warning;
SET row_security = off;

DROP DATABASE universe;
--
-- Name: universe; Type: DATABASE; Schema: -; Owner: freecodecamp
--

CREATE DATABASE universe WITH TEMPLATE = template0 ENCODING = 'UTF8' LC_COLLATE = 'C.UTF-8' LC_CTYPE = 'C.UTF-8';


ALTER DATABASE universe OWNER TO freecodecamp;

\connect universe

SET statement_timeout = 0;
SET lock_timeout = 0;
SET idle_in_transaction_session_timeout = 0;
SET client_encoding = 'UTF8';
SET standard_conforming_strings = on;
SELECT pg_catalog.set_config('search_path', '', false);
SET check_function_bodies = false;
SET xmloption = content;
SET client_min_messages = warning;
SET row_security = off;

SET default_tablespace = '';

SET default_table_access_method = heap;

--
-- Name: galaxy; Type: TABLE; Schema: public; Owner: freecodecamp
--

CREATE TABLE public.galaxy (
    galaxy_id integer NOT NULL,
    name character varying(50) NOT NULL,
    type character varying(30),
    star_id integer,
    has_life boolean
);


ALTER TABLE public.galaxy OWNER TO freecodecamp;

--
-- Name: galaxy_galaxy_id_seq; Type: SEQUENCE; Schema: public; Owner: freecodecamp
--

CREATE SEQUENCE public.galaxy_galaxy_id_seq
    AS integer
    START WITH 1
    INCREMENT BY 1
    NO MINVALUE
    NO MAXVALUE
    CACHE 1;


ALTER TABLE public.galaxy_galaxy_id_seq OWNER TO freecodecamp;

--
-- Name: galaxy_galaxy_id_seq; Type: SEQUENCE OWNED BY; Schema: public; Owner: freecodecamp
--

ALTER SEQUENCE public.galaxy_galaxy_id_seq OWNED BY public.galaxy.galaxy_id;


--
-- Name: moon; Type: TABLE; Schema: public; Owner: freecodecamp
--

CREATE TABLE public.moon (
    moon_id integer NOT NULL,
    name character varying(50) NOT NULL,
    distance_to_planet integer,
    planet_id integer,
    has_life boolean
);


ALTER TABLE public.moon OWNER TO freecodecamp;

--
-- Name: moon_moon_id_seq; Type: SEQUENCE; Schema: public; Owner: freecodecamp
--

CREATE SEQUENCE public.moon_moon_id_seq
    AS integer
    START WITH 1
    INCREMENT BY 1
    NO MINVALUE
    NO MAXVALUE
    CACHE 1;


ALTER TABLE public.moon_moon_id_seq OWNER TO freecodecamp;

--
-- Name: moon_moon_id_seq; Type: SEQUENCE OWNED BY; Schema: public; Owner: freecodecamp
--

ALTER SEQUENCE public.moon_moon_id_seq OWNED BY public.moon.moon_id;


--
-- Name: person; Type: TABLE; Schema: public; Owner: freecodecamp
--

CREATE TABLE public.person (
    person_id integer NOT NULL,
    planet_id integer,
    name character varying(50) NOT NULL
);


ALTER TABLE public.person OWNER TO freecodecamp;

--
-- Name: person_person_id_seq; Type: SEQUENCE; Schema: public; Owner: freecodecamp
--

CREATE SEQUENCE public.person_person_id_seq
    AS integer
    START WITH 1
    INCREMENT BY 1
    NO MINVALUE
    NO MAXVALUE
    CACHE 1;


ALTER TABLE public.person_person_id_seq OWNER TO freecodecamp;

--
-- Name: person_person_id_seq; Type: SEQUENCE OWNED BY; Schema: public; Owner: freecodecamp
--

ALTER SEQUENCE public.person_person_id_seq OWNED BY public.person.person_id;


--
-- Name: planet; Type: TABLE; Schema: public; Owner: freecodecamp
--

CREATE TABLE public.planet (
    planet_id integer NOT NULL,
    name character varying(50) NOT NULL,
    distance_from_earth numeric(9,3),
    type character varying(30),
    has_life boolean,
    description text,
    star_id integer
);


ALTER TABLE public.planet OWNER TO freecodecamp;

--
-- Name: planet_planet_id_seq; Type: SEQUENCE; Schema: public; Owner: freecodecamp
--

CREATE SEQUENCE public.planet_planet_id_seq
    AS integer
    START WITH 1
    INCREMENT BY 1
    NO MINVALUE
    NO MAXVALUE
    CACHE 1;


ALTER TABLE public.planet_planet_id_seq OWNER TO freecodecamp;

--
-- Name: planet_planet_id_seq; Type: SEQUENCE OWNED BY; Schema: public; Owner: freecodecamp
--

ALTER SEQUENCE public.planet_planet_id_seq OWNED BY public.planet.planet_id;


--
-- Name: star; Type: TABLE; Schema: public; Owner: freecodecamp
--

CREATE TABLE public.star (
    star_id integer NOT NULL,
    name character varying(50) NOT NULL,
    age_in_million_years integer,
    galaxy_id integer,
    color character varying(20)
);


ALTER TABLE public.star OWNER TO freecodecamp;

--
-- Name: star_star_id_seq; Type: SEQUENCE; Schema: public; Owner: freecodecamp
--

CREATE SEQUENCE public.star_star_id_seq
    AS integer
    START WITH 1
    INCREMENT BY 1
    NO MINVALUE
    NO MAXVALUE
    CACHE 1;


ALTER TABLE public.star_star_id_seq OWNER TO freecodecamp;

--
-- Name: star_star_id_seq; Type: SEQUENCE OWNED BY; Schema: public; Owner: freecodecamp
--

ALTER SEQUENCE public.star_star_id_seq OWNED BY public.star.star_id;


--
-- Name: galaxy galaxy_id; Type: DEFAULT; Schema: public; Owner: freecodecamp
--

ALTER TABLE ONLY public.galaxy ALTER COLUMN galaxy_id SET DEFAULT nextval('public.galaxy_galaxy_id_seq'::regclass);


--
-- Name: moon moon_id; Type: DEFAULT; Schema: public; Owner: freecodecamp
--

ALTER TABLE ONLY public.moon ALTER COLUMN moon_id SET DEFAULT nextval('public.moon_moon_id_seq'::regclass);


--
-- Name: person person_id; Type: DEFAULT; Schema: public; Owner: freecodecamp
--

ALTER TABLE ONLY public.person ALTER COLUMN person_id SET DEFAULT nextval('public.person_person_id_seq'::regclass);


--
-- Name: planet planet_id; Type: DEFAULT; Schema: public; Owner: freecodecamp
--

ALTER TABLE ONLY public.planet ALTER COLUMN planet_id SET DEFAULT nextval('public.planet_planet_id_seq'::regclass);


--
-- Name: star star_id; Type: DEFAULT; Schema: public; Owner: freecodecamp
--

ALTER TABLE ONLY public.star ALTER COLUMN star_id SET DEFAULT nextval('public.star_star_id_seq'::regclass);


--
-- Data for Name: galaxy; Type: TABLE DATA; Schema: public; Owner: freecodecamp
--

INSERT INTO public.galaxy VALUES (3, 'second', 'gas', 2, true);
INSERT INTO public.galaxy VALUES (4, 'third', 'massive', 3, false);
INSERT INTO public.galaxy VALUES (5, 'fourth', 'massive', 4, false);
INSERT INTO public.galaxy VALUES (6, 'fifth', 'gas', 5, true);
INSERT INTO public.galaxy VALUES (7, 'sixth', 'gas', 6, false);
INSERT INTO public.galaxy VALUES (2, 'first', 'normal', 1, true);


--
-- Data for Name: moon; Type: TABLE DATA; Schema: public; Owner: freecodecamp
--

INSERT INTO public.moon VALUES (1, 'moon1', NULL, 1, NULL);
INSERT INTO public.moon VALUES (2, 'moon2', NULL, 1, NULL);
INSERT INTO public.moon VALUES (3, 'moon3', NULL, 1, NULL);
INSERT INTO public.moon VALUES (4, 'moon4', NULL, 1, NULL);
INSERT INTO public.moon VALUES (5, 'moon5', NULL, 1, NULL);
INSERT INTO public.moon VALUES (6, 'moon6', NULL, 1, NULL);
INSERT INTO public.moon VALUES (7, 'moon7', NULL, 1, NULL);
INSERT INTO public.moon VALUES (8, 'moon8', NULL, 1, NULL);
INSERT INTO public.moon VALUES (9, 'moon9', NULL, 2, NULL);
INSERT INTO public.moon VALUES (10, 'moon10', NULL, 2, NULL);
INSERT INTO public.moon VALUES (11, 'moon11', NULL, 3, NULL);
INSERT INTO public.moon VALUES (13, 'moon12', NULL, 3, NULL);
INSERT INTO public.moon VALUES (14, 'moon13', NULL, 3, NULL);
INSERT INTO public.moon VALUES (16, 'moon14', NULL, 4, NULL);
INSERT INTO public.moon VALUES (17, 'moon15', NULL, 5, NULL);
INSERT INTO public.moon VALUES (18, 'moon16', NULL, 6, NULL);
INSERT INTO public.moon VALUES (19, 'moon17', NULL, 7, NULL);
INSERT INTO public.moon VALUES (20, 'moon18', NULL, 8, NULL);
INSERT INTO public.moon VALUES (21, 'moon19', NULL, 9, NULL);
INSERT INTO public.moon VALUES (22, 'moon20', NULL, 10, NULL);
INSERT INTO public.moon VALUES (24, 'moon21', NULL, 11, NULL);
INSERT INTO public.moon VALUES (25, 'moon22', NULL, 12, NULL);


--
-- Data for Name: person; Type: TABLE DATA; Schema: public; Owner: freecodecamp
--

INSERT INTO public.person VALUES (1, 2, 'Robin');
INSERT INTO public.person VALUES (2, 2, 'Waschi');
INSERT INTO public.person VALUES (3, 9, 'Patrick');


--
-- Data for Name: planet; Type: TABLE DATA; Schema: public; Owner: freecodecamp
--

INSERT INTO public.planet VALUES (1, 'first', 0.000, NULL, true, NULL, 1);
INSERT INTO public.planet VALUES (2, 'earth2', 0.000, NULL, true, NULL, 1);
INSERT INTO public.planet VALUES (3, 'earth3', 0.000, NULL, true, NULL, 1);
INSERT INTO public.planet VALUES (4, 'earth4', 0.000, NULL, true, NULL, 1);
INSERT INTO public.planet VALUES (5, 'earth5', 0.000, NULL, true, NULL, 1);
INSERT INTO public.planet VALUES (6, 'earth6', 0.000, NULL, true, NULL, 1);
INSERT INTO public.planet VALUES (7, 'earth7', 0.000, NULL, true, NULL, 1);
INSERT INTO public.planet VALUES (8, 'earth8', 0.000, NULL, true, NULL, 1);
INSERT INTO public.planet VALUES (9, 'earth9', 0.000, NULL, true, NULL, 1);
INSERT INTO public.planet VALUES (10, 'earth10', 0.000, NULL, true, NULL, 1);
INSERT INTO public.planet VALUES (11, 'earth11', 0.000, NULL, true, NULL, 1);
INSERT INTO public.planet VALUES (12, 'earth12', 0.000, NULL, true, NULL, 1);


--
-- Data for Name: star; Type: TABLE DATA; Schema: public; Owner: freecodecamp
--

INSERT INTO public.star VALUES (1, 'first', 500, 7, NULL);
INSERT INTO public.star VALUES (2, 'second', 400, 2, NULL);
INSERT INTO public.star VALUES (3, 'third', 3000, 3, NULL);
INSERT INTO public.star VALUES (4, 'fourth', 999, 4, NULL);
INSERT INTO public.star VALUES (5, 'fifth', 1, 5, NULL);
INSERT INTO public.star VALUES (6, 'sixth', 50, 6, NULL);


--
-- Name: galaxy_galaxy_id_seq; Type: SEQUENCE SET; Schema: public; Owner: freecodecamp
--

SELECT pg_catalog.setval('public.galaxy_galaxy_id_seq', 7, true);


--
-- Name: moon_moon_id_seq; Type: SEQUENCE SET; Schema: public; Owner: freecodecamp
--

SELECT pg_catalog.setval('public.moon_moon_id_seq', 25, true);


--
-- Name: person_person_id_seq; Type: SEQUENCE SET; Schema: public; Owner: freecodecamp
--

SELECT pg_catalog.setval('public.person_person_id_seq', 3, true);


--
-- Name: planet_planet_id_seq; Type: SEQUENCE SET; Schema: public; Owner: freecodecamp
--

SELECT pg_catalog.setval('public.planet_planet_id_seq', 12, true);


--
-- Name: star_star_id_seq; Type: SEQUENCE SET; Schema: public; Owner: freecodecamp
--

SELECT pg_catalog.setval('public.star_star_id_seq', 6, true);


--
-- Name: galaxy galaxy_pkey; Type: CONSTRAINT; Schema: public; Owner: freecodecamp
--

ALTER TABLE ONLY public.galaxy
    ADD CONSTRAINT galaxy_pkey PRIMARY KEY (galaxy_id);


--
-- Name: moon moon_name; Type: CONSTRAINT; Schema: public; Owner: freecodecamp
--

ALTER TABLE ONLY public.moon
    ADD CONSTRAINT moon_name UNIQUE (name);


--
-- Name: moon moon_pkey; Type: CONSTRAINT; Schema: public; Owner: freecodecamp
--

ALTER TABLE ONLY public.moon
    ADD CONSTRAINT moon_pkey PRIMARY KEY (moon_id);


--
-- Name: person person_name; Type: CONSTRAINT; Schema: public; Owner: freecodecamp
--

ALTER TABLE ONLY public.person
    ADD CONSTRAINT person_name UNIQUE (name);


--
-- Name: person person_pkey; Type: CONSTRAINT; Schema: public; Owner: freecodecamp
--

ALTER TABLE ONLY public.person
    ADD CONSTRAINT person_pkey PRIMARY KEY (person_id);


--
-- Name: planet planet_name; Type: CONSTRAINT; Schema: public; Owner: freecodecamp
--

ALTER TABLE ONLY public.planet
    ADD CONSTRAINT planet_name UNIQUE (name);


--
-- Name: planet planet_pkey; Type: CONSTRAINT; Schema: public; Owner: freecodecamp
--

ALTER TABLE ONLY public.planet
    ADD CONSTRAINT planet_pkey PRIMARY KEY (planet_id);


--
-- Name: star star_name; Type: CONSTRAINT; Schema: public; Owner: freecodecamp
--

ALTER TABLE ONLY public.star
    ADD CONSTRAINT star_name UNIQUE (name);


--
-- Name: star star_pkey; Type: CONSTRAINT; Schema: public; Owner: freecodecamp
--

ALTER TABLE ONLY public.star
    ADD CONSTRAINT star_pkey PRIMARY KEY (star_id);


--
-- Name: galaxy unique_name; Type: CONSTRAINT; Schema: public; Owner: freecodecamp
--

ALTER TABLE ONLY public.galaxy
    ADD CONSTRAINT unique_name UNIQUE (name);


--
-- Name: galaxy galaxy_star_id_fkey; Type: FK CONSTRAINT; Schema: public; Owner: freecodecamp
--

ALTER TABLE ONLY public.galaxy
    ADD CONSTRAINT galaxy_star_id_fkey FOREIGN KEY (star_id) REFERENCES public.star(star_id);


--
-- Name: moon moon_planet_id_fkey; Type: FK CONSTRAINT; Schema: public; Owner: freecodecamp
--

ALTER TABLE ONLY public.moon
    ADD CONSTRAINT moon_planet_id_fkey FOREIGN KEY (planet_id) REFERENCES public.planet(planet_id);


--
-- Name: person person_planet_id_fkey; Type: FK CONSTRAINT; Schema: public; Owner: freecodecamp
--

ALTER TABLE ONLY public.person
    ADD CONSTRAINT person_planet_id_fkey FOREIGN KEY (planet_id) REFERENCES public.planet(planet_id);


--
-- Name: planet planet_star_id_fkey; Type: FK CONSTRAINT; Schema: public; Owner: freecodecamp
--

ALTER TABLE ONLY public.planet
    ADD CONSTRAINT planet_star_id_fkey FOREIGN KEY (star_id) REFERENCES public.star(star_id);


--
-- Name: star star_galaxy_id_fkey; Type: FK CONSTRAINT; Schema: public; Owner: freecodecamp
--

ALTER TABLE ONLY public.star
    ADD CONSTRAINT star_galaxy_id_fkey FOREIGN KEY (galaxy_id) REFERENCES public.galaxy(galaxy_id);


--
-- PostgreSQL database dump complete
--

